code,country,rank_2020q1,pushes_2020q1,share_2020q1_pct,rank_2026q1,pushes_2026q1,share_2026q1_pct
US,United States,1,21377653,26.452755,1,57234005,17.928012
CN,China,2,5567938,6.889779,27,2917473,0.913871
IN,India,3,4422587,5.472519,2,44658960,13.988998
GB,United Kingdom,4,3980488,4.925465,5,10466194,3.278437
DE,Germany,5,3622573,4.482580,4,11508698,3.604991
FR,France,6,2938432,3.636022,7,9731787,3.048390
CA,Canada,7,2859170,3.537943,9,8225761,2.576642
RU,Russia,8,2763720,3.419833,13,5343534,1.673812
BR,Brazil,9,2530973,3.131832,3,13510410,4.232009
JP,Japan,10,2494749,3.087008,6,10424896,3.265500
KR,South Korea,11,2080113,2.573936,8,9438093,2.956394
ID,Indonesia,18,864589,1.069844,10,6880934,2.155388
