period,rank,code,country,public_pushes,panel_total,share_pct
2020 Q1,1,US,United States,21377653,80814468,26.452755
2020 Q1,2,CN,China,5567938,80814468,6.889779
2020 Q1,3,IN,India,4422587,80814468,5.472519
2020 Q1,4,GB,United Kingdom,3980488,80814468,4.925465
2020 Q1,5,DE,Germany,3622573,80814468,4.482580
2020 Q1,6,FR,France,2938432,80814468,3.636022
2020 Q1,7,CA,Canada,2859170,80814468,3.537943
2020 Q1,8,RU,Russia,2763720,80814468,3.419833
2020 Q1,9,BR,Brazil,2530973,80814468,3.131832
2020 Q1,10,JP,Japan,2494749,80814468,3.087008
2026 Q1,1,US,United States,57234005,319243451,17.928012
2026 Q1,2,IN,India,44658960,319243451,13.988998
2026 Q1,3,BR,Brazil,13510410,319243451,4.232009
2026 Q1,4,DE,Germany,11508698,319243451,3.604991
2026 Q1,5,GB,United Kingdom,10466194,319243451,3.278437
2026 Q1,6,JP,Japan,10424896,319243451,3.265500
2026 Q1,7,FR,France,9731787,319243451,3.048390
2026 Q1,8,KR,South Korea,9438093,319243451,2.956394
2026 Q1,9,CA,Canada,8225761,319243451,2.576642
2026 Q1,10,ID,Indonesia,6880934,319243451,2.155388
