year,quarter,source,destination,weight,destination_grouped
2026,1,US,IN,176369,False
2026,1,US,DE,96986,False
2026,1,US,GB,89777,False
2026,1,US,CA,87513,False
2026,1,US,FR,39008,False
2026,1,US,HK,78835,False
2026,1,US,OTHER,586038,True
2026,1,DE,US,529970,False
2026,1,DE,IN,30688,False
2026,1,DE,GB,51536,False
2026,1,DE,CA,15633,False
2026,1,DE,FR,31650,False
2026,1,DE,HK,3660,False
2026,1,DE,OTHER,290768,True
2026,1,GB,US,562546,False
2026,1,GB,IN,33901,False
2026,1,GB,DE,57217,False
2026,1,GB,CA,14351,False
2026,1,GB,FR,26627,False
2026,1,GB,HK,4054,False
2026,1,GB,OTHER,188308,True
2026,1,CA,US,562599,False
2026,1,CA,IN,19008,False
2026,1,CA,DE,20814,False
2026,1,CA,GB,18785,False
2026,1,CA,FR,11293,False
2026,1,CA,HK,4386,False
2026,1,CA,OTHER,77717,True
2026,1,IN,US,446906,False
2026,1,IN,DE,37410,False
2026,1,IN,GB,26974,False
2026,1,IN,CA,14267,False
2026,1,IN,FR,16750,False
2026,1,IN,HK,3390,False
2026,1,IN,OTHER,147010,True
2026,1,FR,US,300265,False
2026,1,FR,IN,10472,False
2026,1,FR,DE,53096,False
2026,1,FR,GB,27833,False
2026,1,FR,CA,9662,False
2026,1,FR,HK,1622,False
2026,1,FR,OTHER,147732,True
