period,git_pushes,us_pushes,india_as_pct_of_us
2020Q1,4422587,21377653,20.68789777811437
2020Q2,7346825,23736592,30.951473572954367
2020Q3,7832236,22384454,34.989622708688806
2020Q4,7291401,21752294,33.52014734629828
2021Q1,7080138,22731866,31.146312405677563
2021Q2,9840045,21827012,45.081960829086455
2021Q3,9768364,19828529,49.264188987493725
2021Q4,8891597,21495838,41.364272469861376
2022Q1,10426681,23987664,43.46684612557521
2022Q2,10434962,24092826,43.311490316661065
2022Q3,12181573,22823129,53.37380777193171
2022Q4,13084268,24373958,53.681343013719804
2023Q1,12807610,25930264,49.3925167904191
2023Q2,13916703,25765719,54.01247681075773
2023Q3,16316471,23796738,68.56599841541308
2023Q4,15213634,25996849,58.521069226505105
2024Q1,17496495,27262532,64.1778063754313
2024Q2,17789226,26651541,66.74745749223281
2024Q3,21005866,25260831,83.15587875949133
2024Q4,19462641,27999678,69.51023151051952
2025Q1,24151972,30612863,78.89484887447476
2025Q2,27978269,33947845,82.41544934590104
2025Q3,33859292,34494395,98.15882261451462
2025Q4,31922623,40768192,78.30276849167116
2026Q1,44658960,57234005,78.02871736828482
